วันที่บันทึก,ประเภทรายรับ,ประจำเดือน,เลขที่/หลังที่,ชื่อ - สกุล,จำนวนเงิน,หมายเหตุ,Timestamp
2025-01-05,ค่าส่วนกลาง,มกราคม,100/1,คุณ สมชาย ใจดี,500,-,2026-01-23T08:55:06.434Z
2025-01-05,ค่าส่วนกลาง,มกราคม,100/2,คุณ สมหญิง จริงใจ,500,-,2026-01-23T08:55:06.439Z
2025-01-05,ค่าส่วนกลาง,มกราคม,100/3,คุณ มานะ อดทน,500,-,2026-01-23T08:55:06.439Z
2025-01-05,ค่าส่วนกลาง,มกราคม,100/4,คุณ มานี มีสุข,500,-,2026-01-23T08:55:06.439Z
2025-01-05,ค่าส่วนกลาง,มกราคม,100/5,คุณ ชูใจ ใฝ่ดี,500,-,2026-01-23T08:55:06.439Z
2025-02-05,ค่าส่วนกลาง,กุมภาพันธ์,100/1,คุณ สมชาย ใจดี,500,-,2026-01-23T08:55:06.439Z
2025-02-05,ค่าส่วนกลาง,กุมภาพันธ์,100/2,คุณ สมหญิง จริงใจ,500,-,2026-01-23T08:55:06.439Z
2025-02-05,ค่าส่วนกลาง,กุมภาพันธ์,100/3,คุณ มานะ อดทน,500,-,2026-01-23T08:55:06.439Z
2025-02-05,ค่าส่วนกลาง,กุมภาพันธ์,100/4,คุณ มานี มีสุข,500,-,2026-01-23T08:55:06.439Z
2025-02-05,ค่าส่วนกลาง,กุมภาพันธ์,100/5,คุณ ชูใจ ใฝ่ดี,500,-,2026-01-23T08:55:06.439Z
2025-03-05,ค่าส่วนกลาง,มีนาคม,100/1,คุณ สมชาย ใจดี,500,-,2026-01-23T08:55:06.439Z
2025-03-05,ค่าส่วนกลาง,มีนาคม,100/2,คุณ สมหญิง จริงใจ,500,-,2026-01-23T08:55:06.439Z
2025-03-05,ค่าส่วนกลาง,มีนาคม,100/3,คุณ มานะ อดทน,500,-,2026-01-23T08:55:06.439Z
2025-03-05,ค่าส่วนกลาง,มีนาคม,100/4,คุณ มานี มีสุข,500,-,2026-01-23T08:55:06.439Z
2025-03-05,ค่าส่วนกลาง,มีนาคม,100/5,คุณ ชูใจ ใฝ่ดี,500,-,2026-01-23T08:55:06.439Z
2025-04-05,ค่าส่วนกลาง,เมษายน,100/1,คุณ สมชาย ใจดี,500,-,2026-01-23T08:55:06.439Z
2025-04-05,ค่าส่วนกลาง,เมษายน,100/2,คุณ สมหญิง จริงใจ,500,-,2026-01-23T08:55:06.439Z
2025-04-05,ค่าส่วนกลาง,เมษายน,100/3,คุณ มานะ อดทน,500,-,2026-01-23T08:55:06.439Z
2025-04-05,ค่าส่วนกลาง,เมษายน,100/4,คุณ มานี มีสุข,500,-,2026-01-23T08:55:06.439Z
2025-04-05,ค่าส่วนกลาง,เมษายน,100/5,คุณ ชูใจ ใฝ่ดี,500,-,2026-01-23T08:55:06.439Z
2025-05-05,ค่าส่วนกลาง,พฤษภาคม,100/1,คุณ สมชาย ใจดี,500,-,2026-01-23T08:55:06.439Z
2025-05-05,ค่าส่วนกลาง,พฤษภาคม,100/2,คุณ สมหญิง จริงใจ,500,-,2026-01-23T08:55:06.439Z
2025-05-05,ค่าส่วนกลาง,พฤษภาคม,100/3,คุณ มานะ อดทน,500,-,2026-01-23T08:55:06.439Z
2025-05-05,ค่าส่วนกลาง,พฤษภาคม,100/4,คุณ มานี มีสุข,500,-,2026-01-23T08:55:06.439Z
2025-05-05,ค่าส่วนกลาง,พฤษภาคม,100/5,คุณ ชูใจ ใฝ่ดี,500,-,2026-01-23T08:55:06.439Z
2025-06-05,ค่าส่วนกลาง,มิถุนายน,100/1,คุณ สมชาย ใจดี,500,-,2026-01-23T08:55:06.439Z
2025-06-05,ค่าส่วนกลาง,มิถุนายน,100/2,คุณ สมหญิง จริงใจ,500,-,2026-01-23T08:55:06.439Z
2025-06-05,ค่าส่วนกลาง,มิถุนายน,100/3,คุณ มานะ อดทน,500,-,2026-01-23T08:55:06.439Z
2025-06-05,ค่าส่วนกลาง,มิถุนายน,100/4,คุณ มานี มีสุข,500,-,2026-01-23T08:55:06.439Z
2025-06-05,ค่าส่วนกลาง,มิถุนายน,100/5,คุณ ชูใจ ใฝ่ดี,500,-,2026-01-23T08:55:06.439Z
2025-07-05,ค่าส่วนกลาง,กรกฎาคม,100/1,คุณ สมชาย ใจดี,500,-,2026-01-23T08:55:06.439Z
2025-07-05,ค่าส่วนกลาง,กรกฎาคม,100/2,คุณ สมหญิง จริงใจ,500,-,2026-01-23T08:55:06.439Z
2025-07-05,ค่าส่วนกลาง,กรกฎาคม,100/3,คุณ มานะ อดทน,500,-,2026-01-23T08:55:06.439Z
2025-07-05,ค่าส่วนกลาง,กรกฎาคม,100/4,คุณ มานี มีสุข,500,-,2026-01-23T08:55:06.439Z
2025-07-05,ค่าส่วนกลาง,กรกฎาคม,100/5,คุณ ชูใจ ใฝ่ดี,500,-,2026-01-23T08:55:06.439Z
2025-08-05,ค่าส่วนกลาง,สิงหาคม,100/1,คุณ สมชาย ใจดี,500,-,2026-01-23T08:55:06.439Z
2025-08-05,ค่าส่วนกลาง,สิงหาคม,100/2,คุณ สมหญิง จริงใจ,500,-,2026-01-23T08:55:06.439Z
2025-08-05,ค่าส่วนกลาง,สิงหาคม,100/3,คุณ มานะ อดทน,500,-,2026-01-23T08:55:06.439Z
2025-08-05,ค่าส่วนกลาง,สิงหาคม,100/4,คุณ มานี มีสุข,500,-,2026-01-23T08:55:06.439Z
2025-08-05,ค่าส่วนกลาง,สิงหาคม,100/5,คุณ ชูใจ ใฝ่ดี,500,-,2026-01-23T08:55:06.439Z
2025-09-05,ค่าส่วนกลาง,กันยายน,100/1,คุณ สมชาย ใจดี,500,-,2026-01-23T08:55:06.439Z
2025-09-05,ค่าส่วนกลาง,กันยายน,100/2,คุณ สมหญิง จริงใจ,500,-,2026-01-23T08:55:06.439Z
2025-09-05,ค่าส่วนกลาง,กันยายน,100/3,คุณ มานะ อดทน,500,-,2026-01-23T08:55:06.439Z
2025-09-05,ค่าส่วนกลาง,กันยายน,100/4,คุณ มานี มีสุข,500,-,2026-01-23T08:55:06.439Z
2025-09-05,ค่าส่วนกลาง,กันยายน,100/5,คุณ ชูใจ ใฝ่ดี,500,-,2026-01-23T08:55:06.439Z
2025-10-05,ค่าส่วนกลาง,ตุลาคม,100/1,คุณ สมชาย ใจดี,500,-,2026-01-23T08:55:06.439Z
2025-10-05,ค่าส่วนกลาง,ตุลาคม,100/2,คุณ สมหญิง จริงใจ,500,-,2026-01-23T08:55:06.439Z
2025-10-05,ค่าส่วนกลาง,ตุลาคม,100/3,คุณ มานะ อดทน,500,-,2026-01-23T08:55:06.439Z
2025-10-05,ค่าส่วนกลาง,ตุลาคม,100/4,คุณ มานี มีสุข,500,-,2026-01-23T08:55:06.439Z
2025-10-05,ค่าส่วนกลาง,ตุลาคม,100/5,คุณ ชูใจ ใฝ่ดี,500,-,2026-01-23T08:55:06.439Z
2025-11-05,ค่าส่วนกลาง,พฤศจิกายน,100/1,คุณ สมชาย ใจดี,500,-,2026-01-23T08:55:06.439Z
2025-11-05,ค่าส่วนกลาง,พฤศจิกายน,100/2,คุณ สมหญิง จริงใจ,500,-,2026-01-23T08:55:06.439Z
2025-11-05,ค่าส่วนกลาง,พฤศจิกายน,100/3,คุณ มานะ อดทน,500,-,2026-01-23T08:55:06.439Z
2025-11-05,ค่าส่วนกลาง,พฤศจิกายน,100/4,คุณ มานี มีสุข,500,-,2026-01-23T08:55:06.439Z
2025-11-05,ค่าส่วนกลาง,พฤศจิกายน,100/5,คุณ ชูใจ ใฝ่ดี,500,-,2026-01-23T08:55:06.439Z
2025-12-05,ค่าส่วนกลาง,ธันวาคม,100/1,คุณ สมชาย ใจดี,500,-,2026-01-23T08:55:06.439Z
2025-12-05,ค่าส่วนกลาง,ธันวาคม,100/2,คุณ สมหญิง จริงใจ,500,-,2026-01-23T08:55:06.439Z
2025-12-05,ค่าส่วนกลาง,ธันวาคม,100/3,คุณ มานะ อดทน,500,-,2026-01-23T08:55:06.439Z
2025-12-05,ค่าส่วนกลาง,ธันวาคม,100/4,คุณ มานี มีสุข,500,-,2026-01-23T08:55:06.439Z
2025-12-05,ค่าส่วนกลาง,ธันวาคม,100/5,คุณ ชูใจ ใฝ่ดี,500,-,2026-01-23T08:55:06.439Z
2026-01-05,ค่าส่วนกลาง,มกราคม,100/1,คุณ สมชาย ใจดี,500,-,2026-01-23T08:55:06.439Z
2026-01-05,ค่าส่วนกลาง,มกราคม,100/2,คุณ สมหญิง จริงใจ,500,-,2026-01-23T08:55:06.439Z
2026-01-05,ค่าส่วนกลาง,มกราคม,100/3,คุณ มานะ อดทน,500,-,2026-01-23T08:55:06.439Z
2026-01-05,ค่าส่วนกลาง,มกราคม,100/4,คุณ มานี มีสุข,500,-,2026-01-23T08:55:06.439Z
2026-01-05,ค่าส่วนกลาง,มกราคม,100/5,คุณ ชูใจ ใฝ่ดี,500,-,2026-01-23T08:55:06.439Z